{
  "ace_0": {
    "K": [
      [
        828.5228639984687,
        0.0,
        676.645980645087
      ],
      [
        0.0,
        842.4004382033846,
        418.0467754362697
      ],
      [
        0.0,
        0.0,
        1.0
      ]
    ],
    "dist": [
      -0.34599753537794525,
      0.12371631805378626,
      -0.0067956570218813935,
      -0.0006137302991591332,
      -0.012496602996881016
    ],
    "R": [
      [
        -0.9988822743001866,
        0.008480831057919701,
        0.04650029670285529
      ],
      [
        -0.03786143500387269,
        0.4453832184394927,
        -0.8945391553598573
      ],
      [
        -0.02829688725521013,
        -0.8952998739176982,
        -0.4445643057360988
      ]
    ],
    "t": [
      0.19230433312474904,
      0.5308811148639829,
      15.485890763491845
    ]
  },
  "ace_1": {
    "K": [
      [
        866.4245042991746,
        0.0,
        736.4805232075831
      ],
      [
        0.0,
        875.8444410079879,
        174.83566542204375
      ],
      [
        0.0,
        0.0,
        1.0
      ]
    ],
    "dist": [
      -0.302023389501532,
      0.09505104971716474,
      0.0014430896338491549,
      0.001030388250151642,
      -0.01317482534544382
    ],
    "R": [
      [
        -0.32838234290121143,
        -0.938673743371059,
        0.10515056051431483
      ],
      [
        -0.3229816269148386,
        0.006976999982770422,
        -0.946379516973336
      ],
      [
        0.8876079683881593,
        -0.3447360221633415,
        -0.30546549637698994
      ]
    ],
    "t": [
      2.306675514903224,
      4.6928095440029525,
      10.9649862917943
    ]
  },
  "ace_2": {
    "K": [
      [
        953.3223202820088,
        0.0,
        772.5810796039317
      ],
      [
        0.0,
        965.9584917117396,
        213.68649082153132
      ],
      [
        0.0,
        0.0,
        1.0
      ]
    ],
    "dist": [
      -0.29169085200898404,
      0.0908673752907926,
      -0.0006154173734546162,
      -0.001340974669471126,
      -0.012499839078054147
    ],
    "R": [
      [
        0.4027694898521102,
        -0.9081406039414933,
        -0.11426890004305638
      ],
      [
        -0.30458868655434623,
        -0.015255009403268427,
        -0.9523618097714777
      ],
      [
        0.8631352559520256,
        0.4183872944544152,
        -0.28275360611625383
      ]
    ],
    "t": [
      -2.090913677863038,
      4.543531834880534,
      11.185137471055125
    ]
  },
  "ace_3": {
    "K": [
      [
        1057.2085816673118,
        0.0,
        682.3056801326476
      ],
      [
        0.0,
        1062.781410433744,
        391.55618205589127
      ],
      [
        0.0,
        0.0,
        1.0
      ]
    ],
    "dist": [
      -0.3605293252812376,
      0.14834077959085243,
      -0.0031770497658474357,
      0.0009975393871832232,
      -0.012497018991386525
    ],
    "R": [
      [
        0.9979005023923128,
        0.01671422481537211,
        0.0625717349447081
      ],
      [
        0.06364828889986805,
        -0.4317728869286614,
        -0.8997338881210423
      ],
      [
        0.011978424157147633,
        0.9018274828381038,
        -0.43193021259527664
      ]
    ],
    "t": [
      -0.2292867455272347,
      1.1739834817133543,
      15.597972883995938
    ]
  },
  "ace_4": {
    "K": [
      [
        852.3505780290619,
        0.0,
        716.4125216664553
      ],
      [
        0.0,
        868.1845972263803,
        309.602337494659
      ],
      [
        0.0,
        0.0,
        1.0
      ]
    ],
    "dist": [
      -0.2962477735825919,
      0.09173577997583664,
      -0.0008772374545814059,
      0.0006134009791886534,
      -0.01250000000157618
    ],
    "R": [
      [
        0.3849731905753663,
        0.908060157053408,
        0.16499210196358674
      ],
      [
        0.3633607069320693,
        0.015208285188307007,
        -0.9315243983489956
      ],
      [
        -0.8483894384043509,
        0.418563566538908,
        -0.3240985985316496
      ]
    ],
    "t": [
      1.732340058820003,
      4.095434986679063,
      11.35855750967681
    ]
  },
  "ace_5": {
    "K": [
      [
        1115.7473859694871,
        0.0,
        708.133835153571
      ],
      [
        0.0,
        1137.8803279002634,
        242.32427442174838
      ],
      [
        0.0,
        0.0,
        1.0
      ]
    ],
    "dist": [
      -0.30020674749653486,
      0.11056313587669953,
      -0.00588494561476999,
      -0.0003864551206708174,
      -0.012468202098357145
    ],
    "R": [
      [
        -0.3525713858136302,
        0.9167386702383176,
        -0.187839368597579
      ],
      [
        0.3645000975870941,
        -0.05033994198397358,
        -0.9298416903430651
      ],
      [
        -0.8618776576547597,
        -0.3963030415360584,
        -0.3164029116566628
      ]
    ],
    "t": [
      -1.418662085069481,
      4.485537595174832,
      11.055802303861224
    ]
  },
  "ace_6": {
    "K": [
      [
        853.9326913605535,
        0.0,
        583.6267851527803
      ],
      [
        0.0,
        848.9681831205613,
        587.4750350872291
      ],
      [
        0.0,
        0.0,
        1.0
      ]
    ],
    "dist": [
      -0.32166379399093137,
      0.12536846349067224,
      -0.0003628848393436497,
      -0.001031032491707226,
      -0.023659021090267886
    ],
    "R": [
      [
        -0.999216477670325,
        -0.03637562208403103,
        0.015596309502857071
      ],
      [
        -0.03637259867742176,
        0.9993381840005074,
        0.0004775604878380184
      ],
      [
        -0.015603359175522899,
        -9.009199786425177e-05,
        -0.9998782561221499
      ]
    ],
    "t": [
      1.7131802447573434,
      -5.834224419783935,
      7.567039632321159
    ]
  },
  "ace_7": {
    "K": [
      [
        849.519906392473,
        0.0,
        738.9510712936643
      ],
      [
        0.0,
        841.1160569987333,
        579.9775770726728
      ],
      [
        0.0,
        0.0,
        1.0
      ]
    ],
    "dist": [
      -0.3144957577758535,
      0.11609113945734544,
      0.0011061949596865306,
      0.0005083938318127844,
      -0.02101383665000181
    ],
    "R": [
      [
        -0.9996597986723703,
        0.006013174274991595,
        -0.025379689782475595
      ],
      [
        0.005503802796209475,
        0.9997829782504131,
        0.020092400441819345
      ],
      [
        0.025495000943254617,
        0.01994588017292205,
        -0.9994759460792595
      ]
    ],
    "t": [
      -1.581209655631776,
      6.42588632443617,
      7.791646476802562
    ]
  }
}