{
  "template_width": 1147,
  "template_height": 2000,
  "image_height":1080,
  "image_width":1920,
  "M": [
    [
      -79.6812749003984,
      0.0,
      573.0
    ],
    [
      0.0,
      79.6812749003984,
      1000.0
    ],
    [
      0.0,
      0.0,
      1.0
    ]
  ]
}