{
  "description": "Intrinsics for iphone6 90°",
  "image_height": 1080,
  "image_width": 1920,
  "K": [
    [
      1969.91536281506,
      0.0,
      978.9699387315875,
    ],
    [
      0.0,
      1963.5353727286245,
      525.6767485051867,
    ],
    [
      0.0,
      0.0,
      1.0
    ]
  ],
  "distCoeffs": [
    [
      0.035189250275202165,
      0.1225964724877724,
      -0.0029292874728367594,
      -0.0010790655062764617,
      -0.6729464626614616
    ]
  ]
}