{
  "description": "Intrinsics for Samsung A5 90°",
  "image_height": 1080,
  "image_width": 1920,
  "K": [
    [
      1554.9161211267863,
      0.0,
      946.0923410310546
    ],
    [
      0.0,
      1552.3824104989574,
      542.4638762116953
    ],
    [
      0.0,
      0.0,
      1.0
    ]
  ],
  "distCoeffs": [
    [
      0.15250391073449632,
      -0.549920044881996,
      -0.00025079265998885513,
      -0.0008089356600421521,
      0.589110032081679
    ]
  ],
  "reproj_error": 0.0790800688739318
}